contractor_id,contractor_name_old,contractor_name
7010401022916.0,日本電気株式会社,日本電気株式会社
,米空軍省,
1010001089519.0,新成物産株式会社,新成物産株式会社
,米陸軍省,
4010401036687.0,株式会社ENEOSサンエナジー,株式会社ENEOSサンエナジー
4030002050557.0,有限会社小柳ルブサービス,有限会社小柳ルブサービス
2120001085786.0,トーヨーエナジー株式会社,トーヨーエナジー株式会社
1011001022683.0,ミドリ安全株式会社,ミドリ安全株式会社
4010702003923.0,有限会社志藤商会,有限会社志藤商会
4010001008715.0,株式会社ダイドーリミテッド,株式会社ダイドーリミテッド
7140001005647.0,兼松株式会社,兼松株式会社
6010701015307.0,東京日産自動車販売株式会社,東京日産自動車販売株式会社
2140001058922.0,山陽色素株式会社,山陽色素株式会社
1210001015990.0,未来テクノ株式会社,未来テクノ株式会社
7010001036564.0,アキラ株式会社,アキラ株式会社
1210001012245.0,若泉漆器株式会社,若泉漆器株式会社
7013301019486.0,キーコム株式会社,キーコム株式会社
2011101066274.0,株式会社装備開発機構,株式会社装備開発機構
8140001051822.0,ユニチカ株式会社,ユニチカ株式会社
6010001030519.0,株式会社武蔵富装,株式会社武蔵富装
1010001045703.0,新陽株式会社,新陽株式会社
3010001034943.0,株式会社ブリヂストン,株式会社ブリヂストン
9010001011318.0,出光興産株式会社,出光興産株式会社
1180301018771.0,トヨタ自動車株式会社,トヨタ自動車株式会社
7021002063448.0,有限会社オムテップ,有限会社オムテップ
9010001000634.0,イズミ産業株式会社,イズミ産業株式会社
2010001059025.0,株式会社守谷商会,株式会社守谷商会
6010001038999.0,越前屋多崎株式会社,越前屋多崎株式会社
8180001092838.0,トーエイ株式会社,トーエイ株式会社
3010501012531.0,東京サイレン株式会社,東京サイレン株式会社
7120001013874.0,ヤマトプロテック株式会社,ヤマトプロテック株式会社
4040001034188.0,株式会社リーガルコーポレーション,株式会社リーガルコーポレーション
4013301002924.0,株式会社倉本産業,株式会社倉本産業
7050001005920.0,山崎工業株式会社,山崎工業株式会社
6120001150363.0,株式会社初田製作所,株式会社初田製作所
3010401014149.0,株式会社ジュピターコーポレーション,株式会社ジュピターコーポレーション
1010501013969.0,株式会社メイト・商会,株式会社メイト・商会
3390001011970.0,青木安全靴製造株式会社,青木安全靴製造株式会社
3010501015170.0,日本官帽制帽株式会社,日本官帽制帽株式会社
8050001032278.0,昭和金属工業株式会社,昭和金属工業株式会社
7210001013923.0,小浜製綱株式会社,小浜製綱株式会社
2011001013590.0,株式会社武田商店,株式会社武田商店
9020001031109.0,日産自動車株式会社,日産自動車株式会社
2010001179203.0,株式会社松吉ビジネス・アソシエイツ,株式会社松吉ビジネス・アソシエイツ
6120901008438.0,前岡製綱株式会社,前岡製綱株式会社
3010001024366.0,東興産業株式会社,東興産業株式会社
7010401084106.0,神田通信工業株式会社,神田通信工業株式会社
7012401000240.0,NECネットワーク・センサ株式会社,NECネットワーク・センサ株式会社
7120001040811.0,株式会社赤尾,株式会社赤尾
7500002020427.0,朝日エナジー有限会社,朝日エナジー有限会社
5120001067360.0,帝人フロンティア株式会社,帝人フロンティア株式会社
5010501016365.0,菊高産業株式会社,菊高産業株式会社
1010001054927.0,株式会社廣瀬商会,株式会社廣瀬商会
1110001022254.0,株式会社大原鉄工所,株式会社大原鉄工所
3013301035504.0,株式会社FLE,株式会社FLE
8030001017999.0,株式会社タガヤ,株式会社タガヤ
3060001012259.0,ハイランドMP株式会社,ハイランドMP株式会社
3011001008986.0,櫻護謨株式会社,櫻護謨株式会社
3120001091321.0,山甚物産株式会社,山甚物産株式会社
7010001034840.0,帝國纎維株式会社,帝國纎維株式会社
4010001108325.0,ワシオ厨理工業株式会社,ワシオ厨理工業株式会社
9200001015704.0,三甲テキスタイル株式会社,三甲テキスタイル株式会社
8010001080710.0,株式会社メルコーポレーション,株式会社メルコーポレーション
6010001034858.0,トスコ株式会社,トスコ株式会社
6010401055438.0,エアバス・ヘリコプターズ・ジャパン株式会社,エアバス・ヘリコプターズ・ジャパン株式会社
8100001002473.0,長野日本無線株式会社,長野日本無線株式会社
8480001000761.0,株式会社サンテック,株式会社サンテック
2010001007784.0,明星電気株式会社,明星電気株式会社
,米海軍省,
9010001032537.0,株式会社渡辺武商店,株式会社渡辺武商店
7010001008844.0,株式会社日立製作所,株式会社日立製作所
4010601008940.0,大川工業株式会社,大川工業株式会社
4020001029090.0,三波工業株式会社,三波工業株式会社
2010001013865.0,甲株式会社,甲株式会社
5013101001167.0,細谷火工株式会社,細谷火工株式会社
8010401050387.0,三菱重工業株式会社,三菱重工業株式会社
8010401014482.0,株式会社ジャパンロジスティクスサービス,株式会社ジャパンロジスティクスサービス
4010701008683.0,藤倉航装株式会社,藤倉航装株式会社
5360001009256.0,株式会社りゅうせき,株式会社りゅうせき
5010701008682.0,藤倉コンポジット株式会社,藤倉コンポジット株式会社
6011501017030.0,株式会社重松製作所,株式会社重松製作所
1120001019349.0,アイコム株式会社,アイコム株式会社
4010401030574.0,横浜ゴム株式会社,横浜ゴム株式会社
8010801000958.0,株式会社石森製作所,株式会社石森製作所
7010001045862.0,新日本無線株式会社,新日本無線株式会社
9020001071492.0,富士電機株式会社,富士電機株式会社
6080101010307.0,株式会社デルテック,株式会社デルテック
4010001062927.0,株式会社エスエスティー,株式会社エスエスティー
1010401007261.0,神山産業株式会社,神山産業株式会社
5140001070263.0,古野電気株式会社,古野電気株式会社
6180301010542.0,日本トレクス株式会社,日本トレクス株式会社
9013401005070.0,コニカミノルタジャパン株式会社,コニカミノルタジャパン株式会社
7180001032621.0,豊和工業株式会社,豊和工業株式会社
8010601009209.0,株式会社今泉商店,株式会社今泉商店
3020001018037.0,株式会社鶴見精機,株式会社鶴見精機
4030001063915.0,興和光学株式会社,興和光学株式会社
2010001005697.0,株式会社MMコーポレーション,株式会社MMコーポレーション
2330001002803.0,太陽工業株式会社,太陽工業株式会社
3180001018624.0,リコーエレメックス株式会社,リコーエレメックス株式会社
4010001008772.0,三菱電機株式会社,三菱電機株式会社
7011001007266.0,株式会社ケイウッド商会,株式会社ケイウッド商会
5010001008771.0,三菱商事株式会社,三菱商事株式会社
1140001005719.0,川崎重工業株式会社,川崎重工業株式会社
9010401028746.0,三菱スペース・ソフトウエア株式会社,三菱スペース・ソフトウエア株式会社
7180001079431.0,旭精機工業株式会社,旭精機工業株式会社
1020001071491.0,富士通株式会社,富士通株式会社
6220001007685.0,株式会社石川製作所,株式会社石川製作所
4010801021677.0,株式会社東京城南サービス,株式会社東京城南サービス
8120001059660.0,ダイキン工業株式会社,ダイキン工業株式会社
7010401006126.0,沖電気工業株式会社,沖電気工業株式会社
9010801024873.0,株式会社光電製作所,株式会社光電製作所
2011101014084.0,東芝インフラシステムズ株式会社,東芝インフラシステムズ株式会社
9010401022708.0,日本船具株式会社,日本船具株式会社
5370001003340.0,カメイ株式会社,カメイ株式会社
9010401116534.0,コスモ石油マーケティング株式会社,コスモ石油マーケティング株式会社
1080001002318.0,鈴与商事株式会社,鈴与商事株式会社
6010501002918.0,株式会社かまや,株式会社かまや
7180001047999.0,中川物産株式会社,中川物産株式会社
1011101062340.0,大東通商株式会社,大東通商株式会社
1290001009738.0,林兼石油株式会社,林兼石油株式会社
6140001006992.0,川重商事株式会社,川重商事株式会社
6240001026130.0,玉理興業株式会社,玉理興業株式会社
8011801011532.0,藤本油化株式会社,藤本油化株式会社
3010501001988.0,株式会社大淵銀器,株式会社大淵銀器
5120001072749.0,日本グリース株式会社,日本グリース株式会社
2011602022692.0,有限会社東京インストルメンツ,有限会社東京インストルメンツ
9011401004150.0,中央油化株式会社,中央油化株式会社
4140001048351.0,川上塗料株式会社,川上塗料株式会社
6010001089084.0,NSI株式会社,NSI株式会社
8010001139696.0,ケイラインロジスティックス株式会社,ケイライン株式会社
6140001008691.0,住友ゴム工業株式会社,住友ゴム工業株式会社
4030001060045.0,通信興業株式会社,通信興業株式会社
1010701002243.0,株式会社カイト,株式会社カイト
2180001085855.0,帝人テクロス株式会社,帝人テクロス株式会社
6013301002088.0,大里商事株式会社,大里商事株式会社
9010001139869.0,デレーコ・ジャパン株式会社,デレーコ・ジャパン株式会社
1010401069517.0,富士フイルムメディカル株式会社,富士フイルムメディカル株式会社
3010401019841.0,トヨタ部品東京共販株式会社,トヨタ部品東京共販株式会社
5360001008596.0,沖縄出光株式会社,沖縄出光株式会社
4010401035862.0,リーフエナジー株式会社,リーフエナジー株式会社
9010401078551.0,伊藤忠エネクス株式会社,伊藤忠エネクス株式会社
7011001008280.0,小林防火服株式会社,小林防火服株式会社
3011101018084.0,日立化成株式会社,日立化成株式会社
4080101014796.0,株式会社岡村造船所,株式会社岡村造船所
9010401012072.0,三興通商株式会社,三興通商株式会社
1010001058548.0,緑屋電気株式会社,緑屋電気株式会社
3240001041231.0,株式会社エディオン,株式会社エディオン
1260001013156.0,株式会社クラレ,株式会社クラレ
2010101004731.0,アコー販売株式会社,アコー販売株式会社
6010401016497.0,大伸化学株式会社,大伸化学株式会社
7020001010527.0,古河電池株式会社,古河電池株式会社
9010401097493.0,株式会社Japan,株式会社Japan
5011401002777.0,株式会社三和日精,株式会社三和日精
8010401053761.0,三信化工株式会社,三信化工株式会社
4380001013570.0,日進工業株式会社,日進工業株式会社
5020001035006.0,株式会社トミヤ,株式会社トミヤ
2021001021865.0,アンリツ株式会社,アンリツ株式会社
2010001014327.0,極東貿易株式会社,極東貿易株式会社
5340001004176.0,株式会社ミタデン,株式会社ミタデン
3010401029221.0,明治産業株式会社,明治産業株式会社
1011001021842.0,堀口エンジニアリング株式会社,堀口エンジニアリング株式会社
2010501029873.0,株式会社台和,株式会社台和
4010001133876.0,JXTGエネルギー株式会社,JXTGエネルギー株式会社
3012401012867.0,日本無線株式会社,日本無線株式会社
7120001077531.0,原田産業株式会社,原田産業株式会社
9010501010505.0,日本電計株式会社,日本電計株式会社
9010401036749.0,ホシザキ東京株式会社,ホシザキ東京株式会社
3010403011350.0,キーサイト・テクノロジー合同会社,キーサイト・テクノロジー株式会社
2010801012579.0,株式会社リコー,株式会社リコー
1010801007852.0,東京電波株式会社,東京電波株式会社
4130001041539.0,株式会社ジーエス・ユアサテクノロジー,株式会社ジーエス・ユアサテクノロジー
5010401014535.0,昭和シェル石油株式会社,昭和シェル石油株式会社
3010401026805.0,富士ゼロックス株式会社,富士ゼロックス株式会社
3060001012259.0,ハイランドテクノ株式会社,ハイランドMP株式会社
5020001011667.0,株式会社ダイワコーポレーション,株式会社ダイワコーポレーション
2011101053990.0,株式会社シナジー・エンタープライズ,株式会社シナジー・エンタープライズ
2010601008174.0,株式会社昭電,株式会社昭電
6010401015821.0,東京センチュリー株式会社,東京センチュリー株式会社
9010401021742.0,双日エアロスペース株式会社,双日エアロスペース株式会社
5010501005434.0,株式会社SHOEI,株式会社SHOEI
,JA三井リース株式会社,
,リコーリース株式会社,
,株式会社かまや東京オイル販売,
,株式会社ENEOSフロンティア,
,旭化成ケミカルズ株式会社,
,東洋物産株式会社,
,株式会社レガン,
,株式会社オガワテクノ,
,帝国繊維株式会社,
,高松令三商店,
,エースワンダー商事株式会社,
,ミツハマ防災設備株式会社,
,新神戸電機株式会社,
,シキボウ株式会社,
,東京製綱繊維ロープ株式会社,
,野中産業株式会社,
,ミネベア株式会社,
,日東ベスト株式会社,
,三立製菓株式会社,
,讃岐缶詰株式会社,
,大井電気株式会社,
,エム・イー・エス特機株式会社,
,斎田産業株式会社,
,株式会社ネットコムセック,
,米国家安全保障庁,
,ニチユMHI東京株式会社,
,太洋無線株式会社,
,アンテナ技研株式会社,
,EMGマーケティング合同会社,
,日本信号株式会社,
,NECネットワークプロダクツ株式会社,
,株式会社東芝,
,カヤバ工業株式会社,
,日本電子計算機株式会社,
,NECキャピタルソリューション株式会社,
,株式会社シナジーエンタープライズ,
,帝人ファイバー株式会社,
,株式会社バーテックススタンダード,
,日本工営株式会社,
,日本ATS株式会社,
,日発販売株式会社,
,旭光通信システム株式会社,
,株式会社牧野商店,
,フランスベッド株式会社,
,ティーオーエー株式会社,
,東洋紡績株式会社,
,株式会社メイト・商會,
,日邦工業株式会社,
,ムサシノ機器株式会社,
,カヤバシステムマシナリー株式会社,
,パナソニックSN九州株式会社,
,髙木綱業株式会社,
,株式会社ケント情報通信,
,エム・シーシー食品株式会社,
5011101019196.0,富士重工業株式会社,株式会社SUBARU
,八木アンテナ株式会社,
,電気興業株式会社,
,齋田産業株式会社,
,興和グローブ株式会社,
,シマヅプレシジョンインスツルメンツインク,
,株式会社明治フレックス,
,ユニバーサル特機株式会社,
,株式会社エヌエフ回路設計ブロック,
,株式会社福島製作所,
,ティーオーエーエンジニアリング株式会社,
,エムエスエイジャパン株式会社,
,株式会社富士インダストリーズ,
,天龍エアロコンポーネント株式会社,
,パーカーエンジニアリング株式会社,
,JXエネルギー株式会社,
,米国防契約管理庁,
,富士紡ホールディングス株式会社,
,株式会社三幸,
,パナソニックシステムネットワークス株式会社,
,オガワ精機株式会社,
,株式会社HAMANI,
,株式会社TERADA.LENON,
,理研計器株式会社,
,三菱重工舶用機械エンジン株式会社,
,株式会社三友,
,株式会社城南,
,株式会社マルイ,
,株式会社誠研舍,
,株式会社研電,
,日鉄住金ドラム株式会社,
,米情報システム庁,
,ナロック株式会社,
,株式会社神田造船所,
,多摩川エアロシステムズ株式会社,
,株式会社ディジタル,
,株式会社ソリッド・ソリューションズ・インク,
,上村商事株式会社,
,株式会社堀場製作所,
,東洋エレクトロニクス株式会社,
,全日空商事株式会社,
,サーモフィッシャーサイエンティフィック株式会社,
,和興フィルタテクノロジー株式会社,
,株式会社イナバ,
,株式会社日立国際八木ソリューションズ,
,東燃ゼネラル石油株式会社,
,旧:ミネベア株式会社,
,日本バルカー工業株式会社,
,東邦薬品株式会社,
,住友精密工業株式会社,
,UDトラックス株式会社,
,株式会社エイリイ・エンジニアリング,
2010001010788.0,伊藤忠テクノソリューションズ株式会社,伊藤忠テクノソリューションズ株式会社
9010601021385.0,株式会社エヌ・ティ・ティ・データ,株式会社エヌ・ティ・ティ・データ
8020001076641.0,ジャパンマリンユナイテッド株式会社,ジャパンマリンユナイテッド株式会社
9010001034946.0,三井造船株式会社,三井造船株式会社
2010001078727.0,株式会社エム・シー・シー,株式会社エム・シー・シー
8010001057337.0,丸文株式会社,丸文株式会社
4010401022373.0,日本エム・アイ・シー株式会社,日本エム・アイ・シー株式会社
2030001075672.0,株式会社ゼネラルサービス,株式会社ゼネラルサービス
1010401002840.0,伊藤忠アビエーション株式会社,伊藤忠アビエーション株式会社
1010001041116.0,株式会社銀座銃砲店,株式会社銀座銃砲店
9010401010142.0,コスモ石油ルブリカンツ株式会社,コスモ石油ルブリカンツ株式会社
5040001026341.0,三共油化工業株式会社,三共油化工業株式会社
1010801000923.0,石野礦油株式会社,石野礦油株式会社
2010001112452.0,株式会社クロサカ,株式会社クロサカ
1120001058421.0,株式会社マーケテック,株式会社マーケテック
6120001144217.0,ユニキャリア株式会社,ロジスネクストユニキャリア株式会社
2010001038268.0,株式会社エス・ティ・ジャパン,株式会社エス・ティ・ジャパン
8010401003287.0,イヨンインターナショナル株式会社,イヨンインターナショナル株式会社
7010001064648.0,エヌ・ティ・ティ・コミュニケーションズ株式会社,エヌ・ティ・ティ・コミュニケーションズ株式会社
8010401007156.0,兼松エアロスペース株式会社,兼松エアロスペース株式会社
4010001057357.0,丸紅ケミックス株式会社,丸紅ケミックス株式会社
1180301009696.0,株式会社アイホー,株式会社アイホー
6010701007411.0,株式会社JALUX,株式会社JALUX
9110001007207.0,竹井機器工業株式会社,竹井機器工業株式会社
5120001059606.0,旭化成株式会社,旭化成株式会社
3010801008436.0,東京計器株式会社,東京計器株式会社
3011701013922.0,株式会社アルティア,株式会社アルティア
7010401037047.0,澤田産業株式会社,澤田産業株式会社
8010001032091.0,リチャードソンエレクトロニクス株式会社,リチャードソンエレクトロニクス株式会社
7010501010333.0,日東株式会社,日東株式会社
1010001087332.0,加賀ソルネット株式会社,加賀ソルネット株式会社
5010701019531.0,株式会社日本製鋼所,株式会社日本製鋼所
1013301021134.0,株式会社新栄商事,株式会社新栄商事
4010001016123.0,興亜化工株式会社,興亜化工株式会社
1010001020185.0,住商エアロシステム株式会社,住商エアロシステム株式会社
8120001077489.0,帝人株式会社,帝人株式会社
7010001034832.0,ダイトウボウ株式会社,ダイトウボウ株式会社
2010001004773.0,株式会社イノメディックス,株式会社イノメディックス
4010601031604.0,株式会社IHI,株式会社IHI
2030001065681.0,日本船燈株式会社,日本船燈株式会社
5013201006743.0,株式会社日本エレクトリック・インスルメント,ANEOS株式会社
5010001087238.0,株式会社メディセオ,株式会社メディセオ
2010401054443.0,シンフォニアテクノロジー株式会社,シンフォニアテクノロジー株式会社
3010601032941.0,株式会社海外物産,株式会社海外物産
4010001003633.0,株式会社シモン,株式会社シモン
4240001026181.0,中国化薬株式会社,中国化薬株式会社
7020001078696.0,三菱ふそうトラック・バス株式会社,三菱ふそうトラック・バス株式会社
7010401093230.0,GEアビエーション・ディストリビューション・ジャパン株式会社,GEアビエーション・ディストリビューション・ジャパン株式会社
3010001016132.0,興研株式会社,興研株式会社
7011101030003.0,双信商事株式会社,双信商事株式会社
2120001026889.0,株式会社ムトウ,株式会社ムトウ
7010401029044.0,三菱自動車工業株式会社,三菱自動車工業株式会社
1130001017153.0,株式会社國友銃砲火薬店,株式会社國友銃砲火薬店
4020001010554.0,穂高電子株式会社,穂高電子株式会社
2120001059666.0,東洋紡株式会社,東洋紡株式会社
5010701008682.0,藤倉ゴム工業株式会社,藤倉コンポジット株式会社
2011101037845.0,オリンパスメディカルサイエンス販売株式会社,オリンパスメディカルサイエンス販売株式会社
4013301026849.0,アズビルトレーディング株式会社,アズビルトレーディング株式会社
6010001005025.0,ティー・ピー・ティー株式会社,ティー・ピー・ティー株式会社
2020001043507.0,富士ソフト株式会社,富士ソフト株式会社
1010401098920.0,コーンズテクノロジー株式会社,コーンズテクノロジー株式会社
9010401052465.0,ソフトバンク株式会社,ソフトバンク株式会社
3010001129215.0,パナソニックシステムソリューションズジャパン株式会社,パナソニックシステムソリューションズジャパン株式会社
4010901000754.0,株式会社アムテックス,株式会社アムテックス
7200001008627.0,カワボウ繊維株式会社,カワボウ繊維株式会社
6010001010818.0,株式会社UACJ金属加工,株式会社UACJ金属加工
7010401001465.0,株式会社麻布前田,株式会社麻布前田
7010701006569.0,トヨタエルアンドエフ東京株式会社,トヨタエルアンドエフ東京株式会社
5012701001452.0,ジャパンカスタム株式会社,ジャパンカスタム株式会社
1060001013523.0,東芝電子管デバイス株式会社,キヤノン電子管デバイス株式会社
1030001024993.0,株式会社ヘルス,株式会社ヘルス
9010801012135.0,株式会社ヤマダコーポレーション,株式会社ヤマダコーポレーション
5380001018684.0,日本エンコン株式会社,日本エンコン株式会社
1020001006043.0,海洋電子工業株式会社,海洋電子工業株式会社
1010601030781.0,アルフレッサメディカルサービス株式会社,アルフレッサメディカルサービス株式会社
9010401031452.0,理想科学工業株式会社,理想科学工業株式会社
5120101026605.0,象印チエンブロツク株式会社,象印チエンブロツク株式会社
1010901004089.0,株式会社金剛測量製図器械店,株式会社金剛測量製図器械店
5140001034739.0,川重明石エンジニアリング株式会社,川重明石エンジニアリング株式会社
7010001034997.0,東京製綱株式会社,東京製綱株式会社
2080401016040.0,ヤマハ発動機株式会社,ヤマハ発動機株式会社
7010001015923.0,国際化工株式会社,国際化工株式会社
3010401057222.0,株式会社日本サーモエナー,株式会社日本サーモエナー
7010001036564.0,あきら株式会社,アキラ株式会社
7011101000682.0,アキレス株式会社,アキレス株式会社
4070001022669.0,株式会社栗原医療器械店,株式会社栗原医療器械店
1140001012624.0,三菱重工マリンマシナリ株式会社,三菱重工マリンマシナリ株式会社
3010901031016.0,株式会社アビオエムシー,株式会社アビオエムシー
4010001105371.0,デンヨー株式会社,デンヨー株式会社
7020001051769.0,アール・エフ・ディー・ジャパン株式会社,アール・エフ・ディー・ジャパン株式会社
9010001002977.0,株式会社三啓,株式会社三啓
4420001012337.0,株式会社大湊精電社,株式会社大湊精電社
3010001010696.0,株式会社池田理化,株式会社池田理化
1090001003075.0,株式会社キトー,株式会社キトー
4010001028093.0,株式会社フィジオテック,株式会社フィジオテック
2010001098064.0,株式会社日立国際電気,株式会社日立国際電気
1010401011643.0,株式会社三博,株式会社三博
4010701009640.0,株式会社明電舎,株式会社明電舎
9030001001416.0,オールホンダ販売株式会社,株式会社ホンダパワープロダクツジャパン
1290801005572.0,日興技化株式会社,日興技化株式会社
8100001013784.0,アズサイエンス株式会社,アズサイエンス株式会社
6010001006304.0,株式会社バイオシス,株式会社バイオシス
2300001007193.0,株式会社三栄,株式会社三栄
6120001077615.0,日本ハム株式会社,日本ハム株式会社
5010401123798.0,株式会社TFF,株式会社TFF
2020001019928.0,菊水電子工業株式会社,菊水電子工業株式会社
6010001000587.0,池本理化工業株式会社,池本理化工業株式会社
9010001038591.0,三井造船特機エンジニアリング株式会社,三井造船特機エンジニアリング株式会社
9040001076408.0,株式会社イケダ,株式会社イケダ
2010601024774.0,コヒレント・ジャパン株式会社,コヒレント・ジャパン株式会社
6010401019351.0,東通産業株式会社,東通産業株式会社
4021001037158.0,株式会社トノックス,株式会社トノックス
7140001092702.0,UTI株式会社,UTI株式会社
7010001059565.0,ヤマト科学株式会社,ヤマト科学株式会社
4120901008588.0,株式会社モリタ,株式会社モリタ
4010001001380.0,ヱルマ販売株式会社,ヱルマ販売株式会社
5011101019196.0,株式会社SUBARU,株式会社SUBARU
7020001013595.0,長谷川商事株式会社,長谷川商事株式会社
8470001002643.0,高木綱業株式会社,高木綱業株式会社
3120001077485.0,蝶理株式会社,蝶理株式会社
5140001060693.0,株式会社長谷川,株式会社長谷川
9010401047523.0,エアロファシリティー株式会社,エアロファシリティー株式会社
9020001068126.0,辻本機械株式会社,辻本機械株式会社
5180301005667.0,三洋商事株式会社,三洋商事株式会社
6180001074706.0,日新電装株式会社,日新電装株式会社
9010701005032.0,住友重機械工業株式会社,住友重機械工業株式会社
3020002073097.0,有限会社シンカテック,有限会社シンカテック
8250001006105.0,西日本ニチモウ株式会社,西日本ニチモウ株式会社
4010401027835.0,マイナミ空港サービス株式会社,マイナミ空港サービス株式会社
4010501005435.0,株式会社下谷金属,株式会社下谷金属
7290001049191.0,株式会社ムーンスター,株式会社ムーンスター
1013301004808.0,山洋電気株式会社,山洋電気株式会社
4010701016868.0,スカイトレーディング株式会社,スカイトレーディング株式会社
2010701020401.0,共信コミュニケーションズ株式会社,共信コミュニケーションズ株式会社
8010001051991.0,株式会社東陽テクニカ,株式会社東陽テクニカ
8020001034574.0,株式会社セイシング,株式会社セイシング
1070001024734.0,東邦車輛株式会社,東邦車輛株式会社
5010001014332.0,株式会社木村洋行,株式会社木村洋行
2120001049642.0,株式会社ササクラ,株式会社ササクラ
5010701017733.0,日本アビオニクス株式会社,日本アビオニクス株式会社
5010401037701.0,NTKインターナショナル株式会社,NTKインターナショナル株式会社
8010401012610.0,株式会社シー・キューブド・アイ・システムズ,株式会社シー・キューブド・アイ・システムズ
3200001019405.0,東海理研株式会社,東海理研株式会社
1011101020934.0,株式会社明治ゴム化成,株式会社明治ゴム化成
4011401004725.0,株式会社トプコン,株式会社トプコン
7010701017021.0,三菱電機特機システム株式会社,三菱電機特機システム株式会社
1230001007004.0,株式会社魚津製綱所,株式会社魚津製綱所
2290001003252.0,株式会社新興精機,株式会社新興精機
6030001067567.0,株式会社さくら商事,株式会社さくら商事
8012401024189.0,株式会社B7,株式会社B7
3011301004611.0,株式会社テムコジャパン,株式会社テムコジャパン
6020001017093.0,株式会社京三製作所,株式会社京三製作所
6012401012609.0,株式会社ジャムコ,株式会社ジャムコ
7010401062557.0,株式会社グローバル・ゲイト,株式会社グローバル・ゲイト
6020001041267.0,株式会社オーシーシー,株式会社オーシーシー
4120001077559.0,美津濃株式会社,美津濃株式会社
5122001002157.0,ゴオダ工業株式会社,ゴオダ工業株式会社
6200001002837.0,株式会社セキュリティー,株式会社セキュリティー
5012401007907.0,島田理化工業株式会社,島田理化工業株式会社
6011701006485.0,バロテックハニュウダ株式会社,バロテックハニュウダ株式会社
8012301008250.0,東京航空計器株式会社,東京航空計器株式会社
1020001081053.0,東芝電波プロダクツ株式会社,東芝電波プロダクツ株式会社
9011103004936.0,株式会社DSE,株式会社DSE
1020001006613.0,日本飛行機株式会社,日本飛行機株式会社
1500001008296.0,株式会社栗之浦ドック,株式会社栗之浦ドック
1010401051219.0,株式会社FRONTEO,株式会社FRONTEO
9010401022427.0,日本工機株式会社,日本工機株式会社
4010401057023.0,タレスジャパン株式会社,タレスジャパン株式会社
6120001005889.0,寺崎電気産業株式会社,寺崎電気産業株式会社
4010001052390.0,株式会社エアロパートナーズ,株式会社エアロパートナーズ
7470001010151.0,讃岐罐詰株式会社,讃岐罐詰株式会社
2010601007861.0,株式会社フジクラ,株式会社フジクラ
1021001022880.0,横河電子機器株式会社,横河電子機器株式会社
3011101001775.0,株式会社アイ・エヌ・シー・エンジニアリング,株式会社アイ・エヌ・シー・エンジニアリング
8210001002512.0,東洋電機工業株式会社,東洋電機工業株式会社
5370501000192.0,気仙沼ほてい株式会社,気仙沼ほてい株式会社
8110001026934.0,ホリカフーズ株式会社,ホリカフーズ株式会社
5011101016202.0,日本エヤークラフトサプライ株式会社,日本エヤークラフトサプライ株式会社
6180001028868.0,株式会社松原製作所,株式会社松原製作所
9120001081721.0,白井松器械株式会社,白井松器械株式会社
2010701001855.0,大石電機工業株式会社,大石電機工業株式会社
6090001000480.0,株式会社カニヤ,株式会社カニヤ
7011801003134.0,東京試機工業株式会社,東京試機工業株式会社
2010401064789.0,富士フイルム株式会社,富士フイルム株式会社
9010001033493.0,日本特装株式会社,日本特装株式会社
8060001013731.0,東芝医療用品株式会社,キヤノン医療用品株式会社
5010401053632.0,日本エアロスペース株式会社,日本エアロスペース株式会社
8010401003956.0,永興電機工業株式会社,永興電機工業株式会社
2010001033475.0,株式会社JECC,株式会社JECC
2122001015673.0,株式会社永木精機,株式会社永木精機
1010401041839.0,東芝三菱電機産業システム株式会社,東芝三菱電機産業システム株式会社
9030001001416.0,株式会社ホンダパワープロダクツジャパン,株式会社ホンダパワープロダクツジャパン
6130001021068.0,株式会社島津製作所,株式会社島津製作所
6010001135680.0,NECネッツエスアイ株式会社,NECネッツエスアイ株式会社
4013301004631.0,三信製織株式会社,三信製織株式会社
1010701008901.0,株式会社フォーカスシステムズ,株式会社フォーカスシステムズ
6010601030983.0,セイコータイムシステム株式会社,セイコータイムシステム株式会社
1010001018733.0,伸誠商事株式会社,伸誠商事株式会社
6010801010389.0,株式会社文化精工,株式会社文化精工
5010701000904.0,いすゞ自動車株式会社,いすゞ自動車株式会社
9140001051581.0,村上実業株式会社,村上実業株式会社
7180001114849.0,三菱重工航空エンジン株式会社,三菱重工航空エンジン株式会社
6010701019753.0,株式会社宝幸,株式会社宝幸
5010001039024.0,荏原実業株式会社,荏原実業株式会社
6010401022933.0,NECファシリティーズ株式会社,NECファシリティーズ株式会社
2180001010714.0,株式会社トヨトミ,株式会社トヨトミ
4130001044153.0,JMUディフェンスシステムズ株式会社,JMUディフェンスシステムズ株式会社
4010601031653.0,株式会社IHIエアロスペース,株式会社IHIエアロスペース
2020001020489.0,ジェイ・アール・シー特機株式会社,ジェイ・アール・シー特機株式会社
5290001017407.0,渡辺鉄工株式会社,渡辺鉄工株式会社
1180301010893.0,カネヤ製綱株式会社,カネヤ製綱株式会社
7010001029485.0,丸紅エアロスペース株式会社,丸紅エアロスペース株式会社
3020001090176.0,オリックス・レンテック株式会社,オリックス・レンテック株式会社
1180001035811.0,興和株式会社,興和株式会社
8011101022577.0,株式会社理経,株式会社理経
4010801005432.0,新日本油脂工業株式会社,新日本油脂工業株式会社
5010001008796.0,古河電気工業株式会社,古河電気工業株式会社
9010401110066.0,Bell,Bell
7140001004624.0,エア・ウォーター防災株式会社,エア・ウォーター防災株式会社
3010001094888.0,住精ハイドロシステム株式会社,住精ハイドロシステム株式会社
8100001007753.0,ミネベアミツミ株式会社,ミネベアミツミ株式会社
3180001103384.0,電子システム株式会社,電子システム株式会社
2010001059314.0,株式会社山田商会,株式会社山田商会
5010701017551.0,タマヤ計測システム株式会社,タマヤ計測システム株式会社
8120001062020.0,音羽電機工業株式会社,音羽電機工業株式会社
6140001005714.0,株式会社神戸製鋼所,株式会社神戸製鋼所
6180001075605.0,株式会社エムエイチアイロジテック,株式会社エムエイチアイロジテック
5010001045971.0,株式会社昌新,株式会社昌新
6210001003710.0,前田工繊株式会社,前田工繊株式会社
2120901009662.0,株式会社田邊空気機械製作所,株式会社田邊空気機械製作所
9040001025744.0,株式会社エス・イー・エイ,株式会社エス・イー・エイ
8010601032482.0,三菱プレシジョン株式会社,三菱プレシジョン株式会社
4010001073610.0,三井造船マシナリー・サービス株式会社,株式会社三井E&Sパワーシステムズ
6010801005612.0,株式会社湘南工作所,株式会社湘南工作所
7010001120401.0,株式会社HPCテック,株式会社HPCテック
1010701011392.0,株式会社ネツレンハイメック,株式会社ネツレンハイメック
1010401010455.0,株式会社小松製作所,株式会社小松製作所
2011101014794.0,東洋メディック株式会社,東洋メディック株式会社
4020001071365.0,日本光機工業株式会社,日本光機工業株式会社
4021001043899.0,株式会社グローバルコム,株式会社グローバルコム
9010901015459.0,日興通信株式会社,日興通信株式会社
3010001008848.0,新日鐵住金株式会社,日本製鉄株式会社
5010001008763.0,株式会社ニコン,株式会社ニコン
3021001045517.0,シープレックス株式会社,シープレックス株式会社
9010001045803.0,新日鉄住金ソリューションズ株式会社,日鉄ソリューションズ株式会社
1010001008692.0,住友商事株式会社,住友商事株式会社
4011101040236.0,日本ポール株式会社,日本ポール株式会社
7021001000443.0,関東航空計器株式会社,関東航空計器株式会社
5010401049977.0,双日株式会社,双日株式会社
4120001125937.0,株式会社ダイセル,株式会社ダイセル
5010001034867.0,東レ株式会社,東レ株式会社
9010001034987.0,株式会社NIPPO,株式会社NIPPO
1011001025967.0,日油株式会社,日油株式会社
5010401067252.0,ソニー株式会社,ソニー株式会社
8013401000626.0,日野自動車株式会社,日野自動車株式会社
6010801017335.0,日本ユニテック株式会社,日本ユニテック株式会社
4012401012569.0,横河電機株式会社,横河電機株式会社
2011001017526.0,日本航空電子工業株式会社,日本航空電子工業株式会社
8010401007296.0,KYB株式会社,KYB株式会社
6010801000811.0,池上通信機株式会社,池上通信機株式会社
5430001046886.0,北海道日油株式会社,北海道日油株式会社
2010601030203.0,TOAエンジニアリング株式会社,TOAエンジニアリング株式会社
7060001014227.0,小平産業株式会社,小平産業株式会社
5010401077813.0,株式会社ソリッド・ソリューションズ,株式会社ソリッド・ソリューションズ
3010001142283.0,ナブテスコ株式会社,ナブテスコ株式会社
3011101058122.0,信和株式会社,信和株式会社
9010701005073.0,住友ベークライト株式会社,住友ベークライト株式会社
6260001009067.0,株式会社ジャプコン,株式会社ジャプコン
5050001025383.0,株式会社諸岡,株式会社諸岡
9420001006136.0,トーヨーエナジー株式会社,東日本三愛石油株式会社
4030002050557.0,東日本三愛石油株式会社,有限会社小柳ルブサービス
9420001006136.0,東日本三愛石油株式会社,東日本三愛石油株式会社
1080001002318.0,有限会社小柳ルブサービス,鈴与商事株式会社
2120001085786.0,鈴与商事株式会社,トーヨーエナジー株式会社
5011301012273.0,スターリーオイル株式会社,スターリーオイル株式会社
4010601000410.0,赤城工業株式会社,赤城工業株式会社
8010401084377.0,東京特殊電線株式会社,東京特殊電線株式会社
5010001008714.0,第一実業株式会社,第一実業株式会社
5070001014343.0,株式会社ミヤビ商事,株式会社ミヤビ商事
2010001057482.0,株式会社松田商店,株式会社松田商店
2010701007860.0,日本ドライケミカル株式会社,日本ドライケミカル株式会社
3120001048973.0,芦森工業株式会社,芦森工業株式会社
3010403011350.0,キーサイト・テクノロジー株式会社,キーサイト・テクノロジー株式会社
5210001003208.0,株式会社プラスティックス,株式会社プラスティックス
6011101000700.0,アジア航測株式会社,アジア航測株式会社
9011501008398.0,日立バッテリー販売サービス株式会社,日立バッテリー販売サービス株式会社
2011101016254.0,日本光電工業株式会社,日本光電工業株式会社
6013301013580.0,デュプロ株式会社,デュプロ株式会社
7430001018958.0,株式会社三愛部品,株式会社三愛部品
5190001016393.0,三重石商事株式会社,三重石商事株式会社
6010901021583.0,株式会社S.T.ディバイス,株式会社S.T.ディバイス
3010001008278.0,株式会社ライフメッド,株式会社ライフメッド
7020001077145.0,富士通ネットワークソリューションズ株式会社,富士通ネットワークソリューションズ株式会社
5010001030387.0,水戸工業株式会社,水戸工業株式会社
6080101008532.0,株式会社小林タイヤ商会,株式会社小林タイヤ商会
1013201004742.0,萬有栄養株式会社,萬有栄養株式会社
2030001034307.0,DICプラスチック株式会社,DICプラスチック株式会社
3010801019292.0,ロジスネクスト東京株式会社,ロジスネクスト東京株式会社
9012801002438.0,日本電子株式会社,日本電子株式会社
5030001009594.0,株式会社佐浦計器製作所,株式会社佐浦計器製作所
2011402002366.0,有限会社金子銃砲火薬店,有限会社金子銃砲火薬店
6290001041364.0,株式会社大塚商会,株式会社大塚商会
8120001077530.0,阪和興業株式会社,阪和興業株式会社
9011101001167.0,株式会社アプライ,株式会社アプライ
9012405001241.0,国立研究開発法人宇宙航空研究開発機構,国立研究開発法人宇宙航空研究開発機構
5020001017978.0,谷川油化興業株式会社,谷川油化興業株式会社
6120001104955.0,東亜紡織株式会社,東亜紡織株式会社
5011101006500.0,弘済企業株式会社,弘済企業株式会社
7120001070619.0,松村石油株式会社,松村石油株式会社
2011101010703.0,住鉱潤滑剤株式会社,住鉱潤滑剤株式会社
9370001002074.0,株式会社ニッセー塗料商会,株式会社ニッセー塗料商会
7010001034857.0,東洋電機製造株式会社,東洋電機製造株式会社
3010501028511.0,飯島産業株式会社,飯島産業株式会社
4100001013524.0,株式会社田中機器製作所,株式会社田中機器製作所
8020001003257.0,フジ・インバック株式会社,フジ・インバック株式会社
8060001013525.0,東芝メディカルシステムズ株式会社,キヤノンメディカルシステムズ株式会社
4010701004303.0,シンコウ株式会社,シンコウ株式会社
3013201001928.0,光進電気工業株式会社,光進電気工業株式会社
9140001009530.0,シスメックス株式会社,シスメックス株式会社
6010001112820.0,JFEコンテイナー株式会社,JFEコンテイナー株式会社
5040001043709.0,株式会社トーヨー商事,株式会社トーヨー商事
8021001020250.0,日本アクアラング株式会社,日本アクアラング株式会社
6120001086483.0,キヤノンライフケアソリューションズ株式会社,キヤノンライフケアソリューションズ株式会社
3010001033004.0,日本海洋株式会社,日本海洋株式会社
9013301001970.0,株式会社エーティーエー,株式会社エーティーエー
9011601013273.0,株式会社オペレーション・トレーニング・サービス,株式会社オペレーション・トレーニング・サービス
7010401007116.0,株式会社カナデン,株式会社カナデン
3011101035360.0,ローデ・シュワルツ・ジャパン株式会社,ローデ・シュワルツ・ジャパン株式会社
7120001051882.0,株式会社三社電機製作所,株式会社三社電機製作所
6010801006420.0,太陽計測株式会社,太陽計測株式会社
5011501007098.0,株式会社スター商事,株式会社スター商事
9011101031552.0,KDDI株式会社,KDDI株式会社
6011001035920.0,セコム株式会社,セコム株式会社
5380001014097.0,株式会社ヨシダ,株式会社ヨシダ
3010001005333.0,東邦商工株式会社,東邦商工株式会社
6011801029139.0,株式会社ピークジャパン,株式会社ピークジャパン
7021001041652.0,株式会社ユニ総業,株式会社ユニ総業
5120001039649.0,東田商工株式会社,東田商工株式会社
2030002089052.0,有限会社オーエーアシスト,有限会社オーエーアシスト
3430002040650.0,有限会社大誠武道具,有限会社大誠武道具
7011101034029.0,測位衛星技術株式会社,測位衛星技術株式会社
3010001029349.0,株式会社松見科学計測,株式会社松見科学計測
8011001039795.0,株式会社ノビテック,株式会社ノビテック
9110001023393.0,船山株式会社,船山株式会社
2290001036624.0,株式会社筑豊製作所,株式会社筑豊製作所
7010101003877.0,株式会社ムサシ,株式会社ムサシ
2010001032171.0,菱江化学株式会社,菱江化学株式会社
3030001033200.0,松勘工業株式会社,松勘工業株式会社
,県央エージェンシー,
9011301000786.0,岩崎通信機株式会社,岩崎通信機株式会社
6010001068278.0,イービストレード株式会社,イービストレード株式会社
9010801011616.0,株式会社妙義工商,株式会社妙義工商
3012401024169.0,オメガジャパン株式会社,オメガジャパン株式会社
4030001030246.0,アイシン興産株式会社,アイシン興産株式会社
8180001036191.0,株式会社サンエス,株式会社サンエス
8010401082240.0,株式会社ナックイメージテクノロジー,株式会社ナックイメージテクノロジー
2010001065543.0,ジャスコサポート株式会社,ジャスコサポート株式会社
2030001007584.0,株式会社平和医用商会,株式会社平和医用商会
9010401022864.0,株式会社日本刀剣,株式会社日本刀剣
4020001022450.0,株式会社栄広プロビジョン,株式会社栄広プロビジョン
6290001013917.0,ジャパンハイテック株式会社,ジャパンハイテック株式会社
5010001006123.0,日京テクノス株式会社,日京テクノス株式会社
1011301002996.0,ジェー・エー・ウーラム・ジャパン株式会社,ジェー・エー・ウーラム・ジャパン株式会社
4021001041416.0,株式会社和光商会,株式会社和光商会
7013201016872.0,ディフェンス・レイバー・エアロ株式会社,ディフェンス・レイバー・エアロ株式会社
4010001062381.0,日本バーンズ株式会社,日本バーンズ株式会社
8060001001629.0,株式会社コアミ計測機,株式会社コアミ計測機
7010001130342.0,東京鋼器株式会社,東京鋼器株式会社
7020001036514.0,株式会社ファインテック,株式会社ファインテック
8010001033932.0,株式会社日陸,株式会社日陸
7010002032430.0,有限会社エーピーエフ,有限会社エーピーエフ
9260001012852.0,岡本製甲株式会社,岡本製甲株式会社
8010001072393.0,株式会社コスミック,株式会社コスミック
3013201003065.0,スペクトラ・フィジックス株式会社,スペクトラ・フィジックス株式会社
8360001020656.0,株式会社サードウエイブ,株式会社サードウエイブ
9030001070691.0,株式会社アスト,株式会社アスト
6010101000479.0,株式会社ウドノ医機,株式会社ウドノ医機
4180001068478.0,仁和貿易株式会社,仁和貿易株式会社
1010601040194.0,株式会社クレッセント,株式会社クレッセント
7010005018591.0,一般財団法人防衛技術協会,一般財団法人防衛技術協会
1120001030999.0,誠南工業株式会社,誠南工業株式会社
4010801000945.0,和泉測器株式会社,和泉測器株式会社
1100001002967.0,不二越機械工業株式会社,不二越機械工業株式会社
2010001034952.0,丸善雄松堂株式会社,丸善雄松堂株式会社
2120001135129.0,株式会社ビジョンセンシング,株式会社ビジョンセンシング
9180001033403.0,理科研株式会社,理科研株式会社
6430001033578.0,北海道川崎建機株式会社,北海道川崎建機株式会社
4011101005783.0,グローバル電子株式会社,グローバル電子株式会社
5012801007003.0,株式会社IHIジェットサービス,株式会社IHIジェットサービス
3013301029695.0,日本カンタム・デザイン株式会社,日本カンタム・デザイン株式会社
2010001004658.0,株式会社高長,株式会社高長
6120001041612.0,英和株式会社,英和株式会社
8240001020833.0,株式会社ミクセル,株式会社ミクセル
3010601006160.0,株式会社丸東製作所,株式会社丸東製作所
6010001030403.0,株式会社三菱総合研究所,株式会社三菱総合研究所
4011101016839.0,株式会社日本レーザー,株式会社日本レーザー
6010001055730.0,株式会社文祥堂,株式会社文祥堂
2010601030789.0,スナップオン・ツールズ株式会社,スナップオン・ツールズ株式会社
6020001069713.0,デルフトハイテック株式会社,デルフトハイテック株式会社
7430001020971.0,株式会社日本除雪機製作所,株式会社NICHIJO
4010001132498.0,株式会社CAEソリューションズ,株式会社CAEソリューションズ
9020001010707.0,ヤナセテック株式会社,ヤナセテック株式会社
6020001059838.0,ブルカー・エイエックスエス株式会社,ブルカー・エイエックスエス株式会社
7020001074662.0,三菱化工機株式会社,三菱化工機株式会社
2010701005897.0,タニコー株式会社,タニコー株式会社
9011001013213.0,株式会社タイチ,株式会社タイチ
8010401005011.0,NTTファイナンス株式会社,NTTファイナンス株式会社
1010001132006.0,ソフトブレーン株式会社,ソフトブレーン株式会社
7050001015449.0,株式会社大手技研,株式会社大手技研
5120001046991.0,株式会社フジキン,株式会社フジキン
3120901019710.0,ダイハツ工業株式会社,ダイハツ工業株式会社
7010001001832.0,株式会社加藤萬製作所,株式会社加藤萬製作所
2010001101686.0,古河ユニック株式会社,古河ユニック株式会社
2011601002316.0,小竹医科器械株式会社,小竹医科器械株式会社
6180301010311.0,株式会社リィツメディカル,株式会社リィツメディカル
2180001001713.0,エヌ・ティー・シー株式会社,エヌ・ティー・シー株式会社
5010001033241.0,日本システム工業株式会社,日本システム工業株式会社
7011101017256.0,伯東株式会社,伯東株式会社
3050001032092.0,株式会社セイワ食品,株式会社セイワ食品
7030001023833.0,株式会社オフィス・サプライ,株式会社オフィス・サプライ
5010001005059.0,株式会社データデザインジャパン,株式会社データデザインジャパン
5120001077459.0,タカラベルモント株式会社,タカラベルモント株式会社
2010701012943.0,住友建機販売株式会社,住友建機販売株式会社
6190001006880.0,ニュージャパンマリン株式会社,ニュージャパンマリン株式会社
6011101057245.0,アンシス・ジャパン株式会社,アンシス・ジャパン株式会社
9470001002700.0,株式会社タダノ,株式会社タダノ
9140001006057.0,株式会社イーエムエス,株式会社イーエムエス
3010001027880.0,アルフレッサ株式会社,アルフレッサ株式会社
9020001007950.0,株式会社日立アドバンストシステムズ,株式会社日立アドバンストシステムズ
9010001071056.0,コスモテック株式会社,コスモテック株式会社
5180001030627.0,新東工業株式会社,新東工業株式会社
6500001009991.0,住友重機械ハイマテックス株式会社,住友重機械ハイマテックス株式会社
1010001008651.0,ウシオ電機株式会社,ウシオ電機株式会社
1020001045347.0,株式会社アサヒ製作所,株式会社アサヒ製作所
8060001013525.0,キヤノンメディカルシステムズ株式会社,キヤノンメディカルシステムズ株式会社
6021001045571.0,株式会社スマートパワーシステム,株式会社スマートパワーシステム
8100001011846.0,株式会社スワロースキー,株式会社スワロースキー
9010001049820.0,株式会社タイヨーマリビス,株式会社タイヨーマリビス
3010701002324.0,株式会社加藤製作所,株式会社加藤製作所
3010401022044.0,日東製網株式会社,日東製網株式会社
6010501018617.0,株式会社日本コンピューティングシステム,株式会社日本コンピューティングシステム
8290801014419.0,東芝EIコントロールシステム株式会社,東芝EIコントロールシステム株式会社
2180301014646.0,アテック株式会社,アテック株式会社
7140001082323.0,新明和工業株式会社,新明和工業株式会社
7030001037230.0,日立建機日本株式会社,日立建機日本株式会社
4310001003520.0,エムエイチアイオーシャニクス株式会社,エムエイチアイオーシャニクス株式会社
1021001014829.0,株式会社ケイ・エス・アイ,株式会社ケイ・エス・アイ
5010401027801.0,株式会社前川試験機製作所,株式会社前川試験機製作所
8010401004021.0,株式会社衛星ネットワーク,株式会社衛星ネットワーク
4010001036658.0,東プレ株式会社,東プレ株式会社
3010001165350.0,株式会社プロドローン,株式会社プロドローン
1011001014417.0,株式会社TSP,株式会社TSP
6360001009461.0,株式会社三虎,株式会社三虎
5010401057261.0,株式会社東亜利根ボーリング,株式会社東亜利根ボーリング
6120001144217.0,ロジスネクストユニキャリア株式会社,ロジスネクストユニキャリア株式会社
7010601021759.0,株式会社島津理化,株式会社島津理化
,JX日鉱日石エネルギー株式会社,
,コスモ石油株式会社,
,大東紡織株式会社,
,株式会社エムアンドケー,
,エス・アンド・シー企画株式会社,
,エヌ・ティー・ケー・インターナショナル株式会社,
,大誠エンジニアリング株式会社,
,ディーアシスト株式会社,
,株式会社パスコ,
,丸紅株式会社,
,独立行政法人宇宙航空研究開発機構,
,有限会社山仙商店,
,株式会社上村製作所,
,アネスト岩田株式会社,
,弘進ゴム株式会社,
,株式会社マリックス,
,石油鑿井機製作株式会社,
,レンゴー株式会社,
,株式会社システム情報企画,
,三菱日立パワーシステムズインダストリー株式会社,
,横河レンタ・リース株式会社,
,日通商事株式会社,
,日興電気通信株式会社,
,株式会社キャドセンター,
,日本航空株式会社,
,アイテック阪急阪神株式会社,
,南西石油株式会社,
,岩通計測株式会社,
,アジレント・テクノロジー株式会社,
,株式会社ノサックス,
,株式会社ニッセン,
,株式会社米倉製作所,
,本瓦造船株式会社,
,東京エレクトロンデバイス株式会社,
,株式会社富士通マーケティング,
,西川計測株式会社,
,株式会社ナルコ岩井,
,バブ日立工業株式会社,
,ヤンマー株式会社,
,シバタ工業株式会社,
,山梨罐詰株式会社,
,株式会社JALエアロ・コンサルティング,
,極東オイル株式会社,
,株式会社大木,
,株式会社芳林堂,
,富士通リース株式会社,
,小林織ネーム株式会社,
,神鋼鋼線工業株式会社,
,ガデリウス・インダストリー株式会社,
,東芝イーアイコントロールシステム株式会社,
,株式会社電業社機械製作所,
,ドイチェ・ジャパン株式会社,
,東京センチュリーリース株式会社,
,東京電機産業株式会社,
,ソニービジネスソリューション株式会社,
,田中産業株式会社,
,株式会社ワコー商事,
,株式会社アトム技研,
,三井物産株式会社,
,株式会社三栄機械,
,大森精工機株式会社,
,ホシザキ関東株式会社,
,扶桑産業株式会社,
,シューワ株式会社,
,中京化成工業株式会社,
,株式会社離合社,
,有限会社デルタプロジェクト,
,株式会社クレアクト・インターナショナル,
,一般社団法人日本家族計画協会,
,協同組合企業情報センター,
,フジックス有限会社,
,株式会社東亜工業,
,株式会社サイボウ,
,日本調理機株式会社,
,株式会社SHANTI-ONE,
,京浜蓄電池工業株式会社,
,扶桑石油株式会社,
,多摩川スカイプレシジョン株式会社,
8012801007000.0,昭和飛行機工業株式会社,昭和飛行機工業株式会社
3011001001660.0,荒木電機工業株式会社,荒木電機工業株式会社
8050001004599.0,エーテック株式会社,エーテック株式会社
9070001008754.0,ラジエ工業株式会社,ラジエ工業株式会社
8060001010448.0,ジーエムいちはら工業株式会社,ジーエムいちはら工業株式会社
2011801011868.0,株式会社星医療酸器,株式会社星医療酸器
8010403015801.0,EMGルブリカンツ合同会社,EMGルブリカンツ合同会社
3010601034203.0,株式会社前川製作所,株式会社前川製作所
7030001074026.0,大倉鋼機株式会社,大倉鋼機株式会社
4180301010767.0,石田製綱株式会社,石田製綱株式会社
9010901009056.0,日本テクニカル・サービス株式会社,日本テクニカル・サービス株式会社
6011105005381.0,一般社団法人日本防衛装備工業会,一般社団法人日本防衛装備工業会
5010001034256.0,東京測器株式会社,東京測器株式会社
2010401004019.0,栄進化学株式会社,栄進化学株式会社
7011401006256.0,ムンタース株式会社,ムンタース株式会社
8010002051628.0,有限会社ユニバース,有限会社ユニバース
3010002027005.0,有限会社クレスト,有限会社クレスト
4010801017948.0,株式会社クラフトワークス,株式会社クラフトワークス
5013301003120.0,株式会社加登ゴム,株式会社加登ゴム
3010001057531.0,松吉医科器械株式会社,松吉医科器械株式会社
9120001114233.0,株式会社テザック,株式会社テザック
4020001014233.0,株式会社出雲屋,株式会社出雲屋
4010001007106.0,望星サイエンス株式会社,望星サイエンス株式会社
6011201003719.0,株式会社日栄東海,株式会社日栄東海
1010401099027.0,全日本空輸株式会社,全日本空輸株式会社
6010001033190.0,日本サン石油株式会社,日本サン石油株式会社
6010001018290.0,新東亜交易株式会社,新東亜交易株式会社
6120001060109.0,アスコット株式会社,アスコット株式会社
9010001080197.0,エイスインターナショナルトレード株式会社,エイスインターナショナルトレード株式会社
7010001063732.0,株式会社日本デジコム,株式会社日本デジコム
9240001005817.0,大和重工株式会社,大和重工株式会社
8013201002005.0,株式会社五光製作所,株式会社五光製作所
4010001075763.0,ハイテクインター株式会社,ハイテクインター株式会社
8122001026269.0,中山商事株式会社,中山商事株式会社
8020001059836.0,ブルカージャパン株式会社,ブルカージャパン株式会社
4010001073610.0,株式会社三井E&Sパワーシステムズ,株式会社三井E&Sパワーシステムズ
8011101028104.0,東日本電信電話株式会社,東日本電信電話株式会社
9020001070098.0,富士通特機システム株式会社,富士通特機システム株式会社
5013301001710.0,株式会社エー・アンド・デイ,株式会社エー・アンド・デイ
2010001125611.0,ナビコムアビエーション株式会社,ナビコムアビエーション株式会社
9010001096367.0,アズビル株式会社,アズビル株式会社
2010501010131.0,株式会社ウイン・インターナショナル,株式会社ウイン・インターナショナル
2140001004199.0,株式会社ユーアールエー,株式会社ユーアールエー
2010401047554.0,株式会社ケィズ・アロー,株式会社ケィズ・アロー
7700150026412.0,パナソニックアビオニクスコーポレーション,パナソニックアビオニクスコーポレーション
9010001183776.0,三井E&S造船株式会社,三井E&S造船株式会社
1010001110829.0,リコージャパン株式会社,リコージャパン株式会社
6010401029045.0,三井物産エアロスペース株式会社,三井物産エアロスペース株式会社
8010901011558.0,マルマテクニカ株式会社,マルマテクニカ株式会社
9140001034735.0,株式会社カワサキモータースジャパン,株式会社カワサキモータースジャパン
7010001060127.0,ラサ商事株式会社,ラサ商事株式会社
6100001022548.0,多摩川精機株式会社,多摩川精機株式会社
,三菱重工機械システム株式会社,
6010401022891.0,日本通信エレクトロニック株式会社,日本通信エレクトロニック株式会社
3200001019818.0,株式会社交成,株式会社交成
1011601006318.0,株式会社穂高商会,株式会社穂高商会
8010401096587.0,モトローラ・ソリューションズ株式会社,モトローラ・ソリューションズ株式会社
1010401009745.0,株式会社小糸製作所,株式会社小糸製作所
8010001139696.0,ケイライン株式会社,ケイライン株式会社
4010001021635.0,太陽石油株式会社,太陽石油株式会社
5010001033340.0,日本石油販売株式会社,日本石油販売株式会社
8430001021696.0,北海道エムアイ石油株式会社,北海道エムアイ石油株式会社
1010401078154.0,丸和物産株式会社,丸和物産株式会社
8010401008377.0,グッドサン株式会社,グッドサン株式会社
1140001005140.0,中嶋石油株式会社,中嶋石油株式会社
8080401002431.0,スズキ株式会社,スズキ株式会社
9240001052925.0,和貴商事株式会社,和貴商事株式会社
2011101008730.0,伸光計器株式会社,伸光計器株式会社
9050001008822.0,株式会社テクノエーピー,株式会社テクノエーピー
1130001012154.0,株式会社京都設備,株式会社京都設備
3020001070483.0,株式会社アマゾン・サイエンス,株式会社アマゾン・サイエンス
3010001051823.0,東邦シートフレーム株式会社,東邦シートフレーム株式会社
9011101022312.0,株式会社ワセダジムキオフィスサプライ,株式会社ワセダジムキオフィスサプライ
9120001041519.0,株式会社ヴァイナス,株式会社ヴァイナス
1010601035921.0,リアルコンピューティング株式会社,リアルコンピューティング株式会社
3010601031563.0,株式会社エーコー,株式会社エーコー
6010701035032.0,株式会社ノナカ,株式会社ノナカ
2010001115315.0,サンテック株式会社,サンテック株式会社
8120001058522.0,丸貴管鋼株式会社,丸貴管鋼株式会社
3250001013460.0,株式会社インフィニティ,株式会社インフィニティ
4011501010012.0,小野田ケミコ株式会社,小野田ケミコ株式会社
2240001012530.0,理工サービス株式会社,理工サービス株式会社
9180301014854.0,株式会社日輪,株式会社日輪
4290001011410.0,アプライド株式会社,アプライド株式会社
6010101003358.0,株式会社ヒューズ・テクノネット,株式会社ヒューズ・テクノネット
6150001013237.0,西垣靴下株式会社,西垣靴下株式会社
5013201006743.0,ANEOS株式会社,ANEOS株式会社
9120001036378.0,ホクセツ技研株式会社,ホクセツ技研株式会社
9110001025415.0,株式会社たかの,株式会社たかの
2020001012577.0,株式会社江田商会,株式会社江田商会
1080101010781.0,株式会社テクトロン,株式会社テクトロン
2010801013197.0,株式会社オーシャンウィングス,株式会社オーシャンウィングス
4010001114785.0,株式会社オーピーティー,株式会社オーピーティー
7012401011493.0,株式会社新日本科学製作所,株式会社新日本科学製作所
9021002069336.0,ジーツーテクノ有限会社,ジーツーテクノ有限会社
9070001007748.0,株式会社テクス清水,株式会社テクス清水
3011001030263.0,株式会社朋栄,株式会社朋栄
9240001023026.0,エス・エス・アロイ株式会社,エス・エス・アロイ株式会社
7010701023580.0,株式会社シーティーファクトリー,株式会社シーティーファクトリー
5020001054609.0,ライトハウステクノロジー・アンド・コンサルティング株式会社,ライトハウステクノロジー・アンド・コンサルティング株式会社
5012801002680.0,株式会社リガク,株式会社リガク
6010701006537.0,株式会社東京測器研究所,株式会社東京測器研究所
5290001036357.0,株式会社西部技研,株式会社西部技研
4011001006320.0,旭光通商株式会社,旭光通商株式会社
6010001137834.0,株式会社ジーシー,株式会社ジーシー
1020001074981.0,ワイエスアイ・ナノテック株式会社,ワイエスアイ・ナノテック株式会社
4010801006240.0,セパック工業株式会社,セパック工業株式会社
9010801019840.0,スカイレーベル株式会社,スカイレーベル株式会社
8430001003991.0,株式会社カナモト,株式会社カナモト
2010001084519.0,アルバック販売株式会社,アルバック販売株式会社
7030001000535.0,株式会社アライヘルメット,株式会社アライヘルメット
4290001003374.0,正晃株式会社,正晃株式会社
9030001091085.0,株式会社コア,株式会社コア
9020001021159.0,トーレック株式会社,トーレック株式会社
9010401001331.0,安全自動車株式会社,安全自動車株式会社
5020001024108.0,日本舶用エレクトロニクス株式会社,日本舶用エレクトロニクス株式会社
1120001000250.0,オリヱント化学工業株式会社,オリヱント化学工業株式会社
2010001074420.0,株式会社アクティブメディカル,株式会社アクティブメディカル
4010001052465.0,株式会社ドッドウエルビー・エム・エス,株式会社ドッドウエルビー・エム・エス
9120001063918.0,壽環境機材株式会社,壽環境機材株式会社
1010001067912.0,株式会社NTTドコモ,株式会社NTTドコモ
9010101004329.0,日野トレーディング株式会社,日野トレーディング株式会社
3020001113291.0,株式会社JVCケンウッド・公共産業システム,株式会社JVCケンウッド・公共産業システム
1021001040783.0,東光商事株式会社,東光商事株式会社
9012801009417.0,光電メディカル株式会社,光電メディカル株式会社
4020001039809.0,ソニックガード株式会社,ソニックガード株式会社
8180001004157.0,株式会社ジェイ・ティ,株式会社ジェイ・ティ
6010001120410.0,株式会社サイバーディフェンス研究所,株式会社サイバーディフェンス研究所
8011001061147.0,日本オートマテイックコントロール株式会社,日本オートマテイックコントロール株式会社
7430001020971.0,株式会社NICHIJO,株式会社NICHIJO
3010001008848.0,日本製鉄株式会社,日本製鉄株式会社
8060001013731.0,キヤノン医療用品株式会社,キヤノン医療用品株式会社
5070001002141.0,株式会社ティー・エム・エス,株式会社ティー・エム・エス
5010701020092.0,株式会社バルカー,株式会社バルカー
4420001000754.0,株式会社北浜造船鉄工,株式会社北浜造船鉄工
8010801002582.0,関東油化株式会社,関東油化株式会社
9400001006212.0,バウアー・コンプレッサー株式会社,バウアー・コンプレッサー株式会社
8010401059346.0,日本カーソリューションズ株式会社,日本カーソリューションズ株式会社
1010001045595.0,株式会社新来島どっく,株式会社新来島どっく
5010401008297.0,キヤノンマーケティングジャパン株式会社,キヤノンマーケティングジャパン株式会社
5120001077450.0,住友電気工業株式会社,住友電気工業株式会社
9040001013220.0,ウッドワード・ジャパン株式会社,ウッドワード・ジャパン株式会社
8010401075293.0,メタウォーター株式会社,メタウォーター株式会社
9050001025933.0,株式会社スリーライク,株式会社スリーライク
2100001009929.0,株式会社タツノ,株式会社タツノ
1450001002338.0,株式会社ノムラ,株式会社ノムラ
4280001000934.0,株式会社原商,株式会社原商
3010001012255.0,APCエアロスペシャルティ株式会社,APCエアロスペシャルティ株式会社
,米輸商事株式会社,
,株式会社タツノ・メカトロニクス,
,村岡電器産業株式会社,
,有限会社ASU工業,
,サンメディックス株式会社,
,ワイ・エンジニアリング株式会社,
,エス・ピー・エスアンブラコ株式会社,
,セキテクノトロン株式会社,
,株式会社日本フォートサービス社,
,TCM株式会社,
,シナネン株式会社,
,株式会社エムアイ工業,
,横浜自動車部品株式会社,
,松田商店,
,株式会社ノルメカエイシア,
,助野靴下株式会社,
,株式会社三友繊維,
,タイセー株式会社,
,協和高圧機工株式会社,
,株式会社フジソク,
,トモカ電気株式会社,
,大和商工株式会社,
,松定プレシジョン株式会社,
,日本航空高圧株式会社,
,加治金属工業株式会社,
,株式会社東京ユニフォーム,
,東芝マテリアル株式会社,
,倉敷紡績株式会社,
,株式会社新出光,
,織元東邦シルク,
,株式会社第一文眞堂,
,株式会社メイズ,
,株式会社イシハラ,
,日立キャピタル株式会社,
,株式会社ヒロ,
,株式会社メディカ・ライン,
,株式会社トーショー,
,株式会社小畑ラボ・テック,
,東機エレクトロニクス株式会社,
,東京貿易テクノシステム株式会社,
,ヒロヤ株式会社,
,株式会社新光,
,広友サービス株式会社,
,ケーオーデンタル株式会社,
,東京通信電設株式会社,
,有限会社シンセーロ,
,アドバンテック東洋株式会社,
,富士電波工機株式会社,
,メガソフト株式会社,
,ショーシンイーエム株式会社,
,有限会社テクノ・シナジー,
,株式会社メガケム,
,日本分光株式会社,
,株式会社チヨダサイエンス,
,山里産業株式会社,
,株式会社アルファ,
,キャンベラジャパン株式会社,
,コニカミノルタヘルスケア株式会社,
,株式会社インテリア山下,
,三浦工業株式会社,
,株式会社光文堂,
,株式会社木曽造船,
,有限会社田中通信工業,
,株式会社イメージワン,
,株式会社ティー・イー・エム,
,中谷造船株式会社,
,アサヒ装設株式会社,
,株式会社佐野,
,株式会社インフォマティクス,
,三津浜工業株式会社,
,株式会社丸正電器商会,
,株式会社ミタカ,
,株式会社タナカ,
,マッシュコーポレーション株式会社,
,株式会社五藤光学研究所,
,株式会社竹山,
,日辰貿易株式会社,
,マイクロ情報通信株式会社,
,インフォコム株式会社,
,エスケイジャパン株式会社,
,株式会社メディカルコミュニケーションズ,
,株式会社池貝ディーゼル,
,株式会社横浜岡田屋,
,株式会社日立ハイテクノロジーズ,
,一般財団法人ディフェンスリサーチセンター,
,株式会社トヤマ,
,株式会社六濤,
,瀬尾高圧工業株式会社,
,精電舎電子工業株式会社,
,富士重工産機販売株式会社,
,三菱日立パワーシステムズエンジニアリング株式会社,
,株式会社北村製作所,
,京都電子工業株式会社,
,北越工業株式会社,
,株式会社タムラテコ,
,株式会社日辰電機製作所,
,コニカミノルタビジネスソリューションズ株式会社,
,株式会社シバソク,
,株式会社ワイ・イー・シー,
,株式会社吉田造船鉄工所,
,株式会社アイ・ティ・エンジニアリング,
,株式会社セキュリコ,
,新光産業株式会社,
,株式会社スズケン,
,株式会社電研精機研究所,
,コマツ産機株式会社,
,株式会社アシスト・イー・エス,
,扶桑アビエーション株式会社,
,新日本ガス株式会社,
,早川繊維工業株式会社,
,株式会社ピーシーシー,
,株式会社日本水泳振興会,
,株式会社アサヒヤ,
,株式会社ファビック,
,日本高周波株式会社,
,日本事務光機株式会社,
,サン電子株式会社,
,株式会社JALエアテック,
,三井精機工業株式会社,
,エクソンモービル有限会社,
,中和石油株式会社,
,大同化学工業株式会社,
,ビーピー・カストロール株式会社,
,有限会社ラド,
,有限会社エフティ・ワークス,
,ミッツ株式会社,
,有限会社サトー,
,株式会社マルゼン,
,三徳航空エンジニアリング株式会社,
,株式会社ハート引越センター,
,レニショー株式会社,
,小山鋼材株式会社,
,株式会社佐野車輌製作所,
,日立建機株式会社,
,オカダアイヨン株式会社,
,株式会社JDAエンタープライズ,
,塗料販売株式会社,
,株式会社埼玉測機社,
,株式会社キング・テック,
,海外アビオテック株式会社,
,株式会社テスコ,
,株式会社KCM,
,キャタピラージャパン株式会社,
,株式会社パルソフトウェアサービス,
,PTT株式会社,
,ロックゲート株式会社,
,株式会社ダルトン,
,株式会社バーチャルメカニクス,
,日立造船株式会社,
,カトウ光研株式会社,
,五甲商事株式会社,
,日産フォークリフト中央株式会社,
,新川電機株式会社,
,コマツリフト株式会社,
,株式会社鯨屋,
,日本ベル株式会社,
,株式会社ソーシン,
,マイクロウェーブ,
,東伸工業株式会社,
,協和医科器械株式会社,
,和光機械工業株式会社,
,株式会社TTC,
,エンドレスハウザージャパン株式会社,
,椿本興業株式会社,
,ナラサキ産業株式会社,
,株式会社アールデック,
,シーメンス・ジャパン株式会社,
,株式会社メット・キャル,
,UDトラックスジャパン株式会社,
,株式会社IMASE,
,株式会社MTC,
,富士フイルムイメージテック株式会社,
,株式会社日立メディコ,
,株式会社サンオータス,
,ナカヨ電子サービス株式会社,
,新日鉄ソリューションズ株式会社,
,株式会社関東機械センター,
,株式会社オフィスネット,
,カヤク・ジャパン株式会社,
,GEヘルスケア・ジャパン株式会社,
,株式会社蔵持科学器械製作所,
,みずほ情報総研株式会社,
,株式会社此花,
,財団法人ディフェンスリサーチセンター,
,株式会社千代田,
,シンフォニアエンジニアリング株式会社,
,株式会社アイ・ディー・エクス,
,日産マリーン株式会社,
,住友ナコマテリアルハンドリング販売株式会社,
,東芝情報システム株式会社,
,株式会社エヌ・ワイ・ケイ,
,コベルコクレーン株式会社,
,ニシム電子工業株式会社,
,ニッタ株式会社,
,東急車輛特装株式会社,
,株式会社ニュープロド,
,今井航空機器工業株式会社,
,日立情報通信エンジニアリング株式会社,
,ジオスポーツ株式会社,
,株式会社エクスシステム,
,コデン株式会社,
,TLD,
,エルマ販売株式会社,
,チェスト株式会社,
,合資会社山内薬品,
,フジテック・インターナショナル株式会社,
,日本機械工業株式会社,
,株式会社YAMABISHI,
,株式会社スギノマシン,
,株式会社日立プラントテクノロジー,
,住友金属工業株式会社,
,株式会社JVCケンウッド,
,サンケン電気株式会社,
,株式会社東洋製作所,
,株式会社渡辺プロテック,
,株式会社日立国際電気エンジニアリング,
,オノデラ製作所株式会社,
,株式会社石井工作所,
,サニー・トレーデイング株式会社,
,エムティエスジャパン株式会社,
,東京高圧山崎株式会社,
,いすゞマリン製造株式会社,
,東芝情報機器株式会社,
,株式会社イトーキ,
,株式会社フジ・コーポレーション,
,東通ネットワーク株式会社,
,株式会社田中歯科器械店,
,株式会社桜井製作所,
,ホシザキ北関東株式会社,
,住信・パナソニックフィナンシャルサービス株式会社,
,東芝ファイナンス株式会社,
,株式会社ファーストロン,
,中央精機株式会社,
,社団法人日本防衛装備工業会,
,サニタ商事株式会社,
,株式会社八神製作所,
,株式会社メド城取,
,山本光学株式会社,
,ティアック株式会社,
,株式会社共ショウ,
,株式会社ラック,
,日鐵ドラム株式会社,
,株式会社山武商会,
,髙松令三商店,
,株式会社ソキア販売,
,株式会社日本アルミ,
,ディーブイエックス株式会社,
,株式会社気球製作所,
,株式会社フォトンデザイン,
,石田製鋼株式会社,
,住友商事マシネックス株式会社,
,島津サイエンス東日本株式会社,
,株式会社西日本流体技研,
,小川テント株式会社,
,株式会社アドバンテスト,
,株式会社エビエーション・サービス,
,株式会社西野医科器械,
,日東紡績株式会社,
,コセキ株式会社,
,内外製綱株式会社,
,アンリツネットワークス株式会社,
,株式会社江北商会,
,株式会社カンセン,
,ユーロコプタージャパン株式会社,
,日本装弾株式会社,
,株式会社キーエンス,
,ガデリウス株式会社,
,長瀬ランダウア株式会社,
,株式会社神鋼環境ソリューション,
,轟産業株式会社,
,スターライト販売株式会社,
,株式会社大黒,
,日本ビジネスコンピューター株式会社,
,クロスボー株式会社,
,安西メディカル株式会社,
,アクロバイオ株式会社,
,伊藤忠商事株式会社,
,株式会社帝国機械製作所,
,株式会社システック井上,
,ユニバーサル造船株式会社,
,株式会社パシフィックテクノロジー,
,地崎道路株式会社,
,パイロット株式会社,
,有限会社クライシスインテリジェンス,
,株式会社北信工業,
,みちのく三愛石油株式会社,
,株式会社高文,
,株式会社東京法規出版,
,三晃靴下株式会社,
,岩谷産業株式会社,
,合同会社DSE,
,株式会社坂本モデル,
,有人宇宙システム株式会社,
,株式会社井谷衡機製作所,
,ササキ株式会社,
,株式会社アイ・エイチ・アイマリンユナイテッド,
,アイティーシー株式会社,
,大東産商株式会社,
,八重洲無線株式会社,
,アズビル商事株式会社,
,株式会社シマテック,
,東洋ゴム工業株式会社,
,株式会社協和機械製作所,
,ユニアデックス株式会社,
,ジーエルサイエンス株式会社,
,エヌ・ティ・ティ・コムウェア株式会社,
,中外写真薬品株式会社,
,株式会社タダノテクノ東日本,
,東京ファインケミカル株式会社,
,有限会社ウィプル・ディー,
,クリマテック株式会社,
,三徳商事株式会社,
,エヌ・ティ・ティ・アドバンステクノロジ株式会社,
,エアフォーディー株式会社,
,株式会社ベテル,
,明伸工機株式会社,
,西華デジタルイメージ株式会社,
,丸本ストルアス株式会社,
,ツクバリカセイキ株式会社,
,国際計測器株式会社,
,株式会社ユニバーサル技研,
,株式会社大西機械,
,前畑造船株式会社,
,株式会社ニュービジネス,
,日世貿易株式会社,
,有限責任あずさ監査法人,
,株式会社尾賀亀,
,株式会社新日本ケミカル・コンサルタント,
,株式会社岩田産商,
,株式会社巴コーポレーション,
,キャタピラーイーストジャパン株式会社,
,浜松ホトニクス株式会社,
,八木スポーツ,
,文祥堂商事株式会社,
,ジャトー株式会社,
,住友建機株式会社,
,島津メディカルシステムズ株式会社,
,株式会社増田医科器械,
,デロイトトーマツコンサルティング合同会社,
,藤本科学株式会社,
,コスモエンジニアリング株式会社,
,株式会社サンコーシヤ,
,村田機械株式会社,
,ユアサグローブ株式会社,
,株式会社ホンダモーターサイクルジャパン,
,高速マリン・トランスポート株式会社,
1060001013523.0,キヤノン電子管デバイス株式会社,キヤノン電子管デバイス株式会社
9010001045803.0,日鉄ソリューションズ株式会社,日鉄ソリューションズ株式会社
5011501001076.0,川田テクノシステム株式会社,川田テクノシステム株式会社
7011201001655.0,株式会社構造計画研究所,株式会社構造計画研究所
4010401096252.0,HPCシステムズ株式会社,HPCシステムズ株式会社
6380001000245.0,株式会社MTS&プランニング,株式会社MTS&プランニング
6012701011186.0,株式会社イズミウエスト,株式会社イズミウエスト
1010001044259.0,株式会社三平商会,株式会社三平商会
8010901008918.0,日本アサヒ機工販売株式会社,日本アサヒ機工販売株式会社
3060001010436.0,株式会社サンテクノロジー,株式会社サンテクノロジー
1010501003516.0,日本アイ・エス・ケイ株式会社,日本アイ・エス・ケイ株式会社
7011401007056.0,株式会社トプコンソキアポジショニングジャパン,株式会社トプコンソキアポジショニングジャパン
,米ミサイル防衛庁,
1180001049076.0,株式会社アイティーコスモス,株式会社アイティーコスモス
4010701022825.0,日本コムシス株式会社,日本コムシス株式会社
6010001052075.0,富永物産株式会社,富永物産株式会社
6010601021677.0,株式会社東京シー・エム・シー,株式会社東京シー・エム・シー
3010801002612.0,カンタム・ウシカタ株式会社,カンタム・ウシカタ株式会社
,シマヅプレシジョンインスツルメンツインク日本支店,
6040001053616.0,いすゞ自動車エンジン販売株式会社,いすゞ自動車エンジン販売株式会社
5021001031564.0,日本キャタピラー合同会社,日本キャタピラー合同会社
3020001030545.0,京浜ドック株式会社,京浜ドック株式会社
8020001007217.0,かもめプロペラ株式会社,かもめプロペラ株式会社
4010001049866.0,三菱UFJリース株式会社,三菱UFJリース株式会社
7010005018674.0,公益社団法人日本アイソトープ協会,公益社団法人日本アイソトープ協会
8010001037842.0,エア・ブラウン株式会社,エア・ブラウン株式会社
1010601026978.0,株式会社IHIプラント,株式会社IHIプラント
6011401005300.0,株式会社早川製作所,株式会社早川製作所
4010601004551.0,株式会社辰巳菱機,株式会社辰巳菱機
1010001008791.0,株式会社ミクニ,株式会社ミクニ
1010601022853.0,日鉄ドラム株式会社,日鉄ドラム株式会社
5140001075650.0,明々工業株式会社,明々工業株式会社
,アルバック理工株式会社,
,株式会社レッツ・コーポレーション,
6130001021836.0,株式会社富永製作所,株式会社富永製作所
2180301010810.0,稲葉製綱株式会社,稲葉製綱株式会社
7250001006915.0,株式会社ニシエフ,株式会社ニシエフ
,バイオリサーチセンター株式会社,
,株式会社ケビンメディカル,
,ANAホールディングス株式会社,
,ハイテクリサーチ株式会社,
,日本チェーンアンカー株式会社,
,株式会社エヌゼットケイ,
,ダイセルパイロテクニクス株式会社,
,株式会社三省堂書店,
,サニー・トレーディング株式会社,
,ソフトバンクテレコム株式会社,
,日本電子計算株式会社,
,フジコーワ工業株式会社,
,トビー・テクノロジー・ジャパン株式会社,
,テガラ株式会社,
,株式会社小野測器,
,株式会社吉田商会,
,アトラスコプコ株式会社,
,リコジャパン株式会社,
,HPCテクノロジーズ株式会社,
,キング工業株式会社,
,ズース・マイクロテック株式会社,
,光伸光学工業株式会社,
,株式会社新生,
,株式会社アイソテック,
,株式会社関東マツダ,
,東芝電力検査サービス株式会社,
,マイクロウェーブファクトリー株式会社,
,株式会社東和産業,
,東京計装株式会社,
,株式会社シノテスト,
,日産自動車販売株式会社,
,株式会社東京地図研究社,
,株式会社イー・アイ・ソル,
,株式会社ユニック理研,
,株式会社アクティオ,
,東京スバル株式会社,
,株式会社ネットマークス,
,株式会社サンライズ・オーシャン,
,株式会社サイサン,
,MSI株式会社,
,株式会社日立ソリューションズ西日本,
,日立アロカメディカル株式会社,
,株式会社ソッキテック,
,株式会社熊平製作所,
,株式会社ウイスマー,
,ネッツトヨタ東京株式会社,
,株式会社アイ・オー・エル・メディカル,
8050001016181.0,ヤトロ電子株式会社,ヤトロ電子株式会社
8011001050835.0,株式会社ジー・エム・エス,株式会社ジー・エム・エス
5010901004738.0,笹富士商事株式会社,笹富士商事株式会社
,沖縄東芝メディカル株式会社,
,株式会社メイテック,
,ミカドスポーツ株式会社,
,インターリハ株式会社,
,三洋貿易株式会社,
,株式会社岩崎,
,株式会社トチノボーサイ,
,ジャスコインタナショナル株式会社,
,東芝機械株式会社,
,岸工業株式会社,
,インストロンジャパンカンパニイリミテッド,
,株式会社LSIメディエンス,
,株式会社アサカ,
,バイテックグローバルエレクトロニクス株式会社,
,金剛株式会社,
,東和アークス株式会社,
,株式会社セイワ,
,長田通商株式会社,
,日本情報通信株式会社,
,株式会社ニコンインステック,
,中央テキスタイル株式会社,
,株式会社エージーピー,
,範多機械株式会社,
,二和電気株式会社,
,株式会社JAL,
,ガデリウス・メディカル株式会社,
,三菱重工メカトロシステムズ株式会社,
,エア・ウォーター株式会社,
,日置株式会社,
,帝人エンジニアリング株式会社,
2130001022029.0,ニチコン株式会社,ニチコン株式会社
1012401002696.0,リオン株式会社,リオン株式会社
7010701000910.0,株式会社石川トランク製作所,株式会社石川トランク製作所
3010601004206.0,株式会社タカノスマイル,株式会社タカノスマイル
7010901017432.0,ワイマックス株式会社,ワイマックス株式会社
3010001093667.0,スケーラブルシステムズ株式会社,スケーラブルシステムズ株式会社
6010001134781.0,株式会社アドフューテック,株式会社アドフューテック
1010601005569.0,日本救命器具株式会社,日本救命器具株式会社
9020001077201.0,株式会社アールティ,株式会社アールティ
6012401000803.0,白山工業株式会社,白山工業株式会社
5010001115205.0,アイウェーヴ株式会社,アイウェーヴ株式会社
4012701004010.0,株式会社応用技研,株式会社応用技研
1120001077462.0,辰野株式会社,辰野株式会社
5010801022245.0,JBCC株式会社,JBCC株式会社
7010501029126.0,ビジュアルテクノロジー株式会社,ビジュアルテクノロジー株式会社
8010801009396.0,日章電機株式会社,日章電機株式会社
2011101012476.0,株式会社サイトロンジャパン,株式会社サイトロンジャパン
5120901005238.0,株式会社アルゴ,株式会社アルゴ
8360001008148.0,株式会社オキナワブレッシング,株式会社オキナワブレッシング
7120001089337.0,ポニー工業株式会社,ポニー工業株式会社
5010801019828.0,株式会社エクシオテック,株式会社エクシオテック
3010801008270.0,株式会社東和企画,株式会社東和企画
6090001011049.0,株式会社関東技研,株式会社関東技研
6010401027577.0,本田技研工業株式会社,本田技研工業株式会社
9011501004918.0,株式会社吉野計測,株式会社吉野計測
6010401050595.0,ダンテック・ダイナミクス株式会社,ダンテック・ダイナミクス株式会社
4010801003015.0,北野精機株式会社,北野精機株式会社
7021003002999.0,株式会社まつざか,株式会社まつざか
5040001005857.0,日特機械工業株式会社,日特機械工業株式会社
8010701007236.0,長田電機工業株式会社,長田電機工業株式会社
9010601024842.0,株式会社IHI汎用ボイラ,株式会社IHI汎用ボイラ
9030001029663.0,マサイ・インターナショナル株式会社,マサイ・インターナショナル株式会社
9010901008990.0,日本給食設備株式会社,日本給食設備株式会社
7011701005288.0,株式会社東京インスツルメンツ,株式会社東京インスツルメンツ
2010601022844.0,東新株式会社,東新株式会社
4180301003639.0,株式会社otobe,株式会社otobe
3010401032613.0,日本バイナリー株式会社,日本バイナリー株式会社
5010001070887.0,株式会社リアルビズ,株式会社リアルビズ
2120001037218.0,株式会社ユニットコム,株式会社ユニットコム
8011801010311.0,トークシステム株式会社,トークシステム株式会社
5011001010767.0,株式会社松興堂,株式会社松興堂
4130001009908.0,朝日レントゲン工業株式会社,朝日レントゲン工業株式会社
1140001064855.0,ケニックス株式会社,ケニックス株式会社
5010501009906.0,株式会社ニツセン,株式会社ニツセン
4070001011201.0,株式会社ヤマダ電機,株式会社ヤマダ電機
9010701026565.0,WHILL株式会社,WHILL株式会社
6013301007005.0,大洋産業株式会社,大洋産業株式会社
9030002095085.0,株式会社ネッツ,株式会社ネッツ
4140001061890.0,村角工業株式会社,村角工業株式会社
6012401007567.0,株式会社共和電業,株式会社共和電業
6010001089943.0,JFE商事エレクトロニクス株式会社,JFE商事エレクトロニクス株式会社
4011001013770.0,タックシステム株式会社,タックシステム株式会社
2011101016114.0,株式会社DNPアイディーシステム,株式会社DNPアイディーシステム
5040001066627.0,ヨシザワエルエー株式会社,ヨシザワエルエー株式会社
6010001003904.0,株式会社スギヤマゲン,株式会社スギヤマゲン
3120001073443.0,株式会社アセント,株式会社アセント
3010401077583.0,JSAT,JSAT
7010001004851.0,株式会社千代田テクノル,株式会社千代田テクノル
4010501001822.0,株式会社エムエムアンドニーク,株式会社エムエムアンドニーク
7080401016473.0,山崎マシーナリー株式会社,山崎マシーナリー株式会社
3120001109890.0,株式会社アイピー総研,株式会社アイピー総研
3010001033466.0,日本電業工作株式会社,日本電業工作株式会社
3240001009286.0,広島綜合警備保障株式会社,広島綜合警備保障株式会社
2060001018843.0,宝金属工業株式会社,宝金属工業株式会社
,すみれ分包機株式会社,
6040001035845.0,株式会社精工技研,株式会社精工技研
8020001019468.0,E&Cエンジニアリング株式会社,E&Cエンジニアリング株式会社
,福島工業株式会社,
,トーハツ株式会社,
,株式会社スマートビジョン,
,株式会社つかさ,
,北沢産業株式会社,
,日本車輌製造株式会社,
,株式会社永山,
,日新技研株式会社,
,日本カノマックス株式会社,
,株式会社ドッドウェルビー・エム・エス,
,篠原電機株式会社,
,株式会社エヌ・ティ・ティ・ドコモ,
,株式会社鈴木商館,
,株式会社東京本山商会,
,株式会社開発技術センター,
,協和電機株式会社,
,ビジネスマツシユアツプ合同会社,
,株式会社西衡器製作所,
,ジェイズ・コミュニケーション株式会社,
,株式会社三井三池製作所,
,土岐陶器店,
,有限会社共彩技研,
,オリオン電機株式会社,
,ビー・エー・エス株式会社,
,株式会社ロッコーエンジニアリング,
,一般財団法人リモート・センシング技術センター,
,株式会社シアーズ,
,株式会社ディー・エス・エヌ,
,株式会社サムウエイ,
,オノデラ制作所株式会社,
,湧永製薬株式会社,
,光洋商事株式会社,
,株式会社ライトボーイ,
,東洋事務器工業株式会社,
